placementId,productId,productName,maker,locationId,locationName,officialShopName,prefecture,status,source,sourceName,sourceUrl,sourceCheckedAt,sourceNote,matchMethod,holdReason,termsUrl
bandai-4570118202260000__gp-S90001043,bandai-4570118202260000,赤見かるび ～つまんでつなげてますこっと～,バンダイ,gp-S90001043,Pon!ららぽーと福岡店,Pon!ららぽーと福岡店,福岡県,on_hold,official,gashapon.jp 商品ページ「この商品が売っているお店」（ガシャポンどこ？）,https://gashapon.jp/products/detail.php?jan_code=4570118202260000,2026-09-30T14:03:08Z,gashapon.jp 商品ページ「この商品が売っているお店」（ガシャポンどこ？）に Pon!ららぽーと福岡店（店舗コード S90001043）が掲載,店舗コード一致（gp-店舗コード）,サイトのフッターに「本サイトに掲載されている全ての画像、文章、データの無断転用、転載をお断りします。」と記載。株式会社バンダイの許諾を得るまで保留,https://www.bandai.co.jp/site/notice/
bandai-4570118202260000__gp-S90001446,bandai-4570118202260000,赤見かるび ～つまんでつなげてますこっと～,バンダイ,gp-S90001446,ガシャポンバンダイオフィシャルショップ博多バスターミナル店,ガシャポンバンダイオフィシャルショップ博多バスターミナル店,福岡県,on_hold,official,gashapon.jp 商品ページ「この商品が売っているお店」（ガシャポンどこ？）,https://gashapon.jp/products/detail.php?jan_code=4570118202260000,2026-09-30T14:03:08Z,gashapon.jp 商品ページ「この商品が売っているお店」（ガシャポンどこ？）に ガシャポンバンダイオフィシャルショップ博多バスターミナル店（店舗コード S90001446）が掲載,店舗コード一致（gp-店舗コード）,サイトのフッターに「本サイトに掲載されている全ての画像、文章、データの無断転用、転載をお断りします。」と記載。株式会社バンダイの許諾を得るまで保留,https://www.bandai.co.jp/site/notice/
bandai-4570118202260000__gp-S90001215,bandai-4570118202260000,赤見かるび ～つまんでつなげてますこっと～,バンダイ,gp-S90001215,ガシャポンバンダイオフィシャルショップ未来屋書店香椎浜店,ガシャポンバンダイオフィシャルショップ未来屋書店香椎浜店,福岡県,on_hold,official,gashapon.jp 商品ページ「この商品が売っているお店」（ガシャポンどこ？）,https://gashapon.jp/products/detail.php?jan_code=4570118202260000,2026-09-30T14:03:08Z,gashapon.jp 商品ページ「この商品が売っているお店」（ガシャポンどこ？）に ガシャポンバンダイオフィシャルショップ未来屋書店香椎浜店（店舗コード S90001215）が掲載,店舗コード一致（gp-店舗コード）,サイトのフッターに「本サイトに掲載されている全ての画像、文章、データの無断転用、転載をお断りします。」と記載。株式会社バンダイの許諾を得るまで保留,https://www.bandai.co.jp/site/notice/
bandai-4570118202260000__gp-S90000556,bandai-4570118202260000,赤見かるび ～つまんでつなげてますこっと～,バンダイ,gp-S90000556,ガシャポンバンダイオフィシャルショップ福岡パルコ店,ガシャポンバンダイオフィシャルショップ福岡パルコ店,福岡県,on_hold,official,gashapon.jp 商品ページ「この商品が売っているお店」（ガシャポンどこ？）,https://gashapon.jp/products/detail.php?jan_code=4570118202260000,2026-09-30T14:03:08Z,gashapon.jp 商品ページ「この商品が売っているお店」（ガシャポンどこ？）に ガシャポンバンダイオフィシャルショップ福岡パルコ店（店舗コード S90000556）が掲載,店舗コード一致（gp-店舗コード）,サイトのフッターに「本サイトに掲載されている全ての画像、文章、データの無断転用、転載をお断りします。」と記載。株式会社バンダイの許諾を得るまで保留,https://www.bandai.co.jp/site/notice/
bandai-4570118202260000__gp-S90001027,bandai-4570118202260000,赤見かるび ～つまんでつなげてますこっと～,バンダイ,gp-S90001027,ガチャガチャの森 ららぽーと福岡店,ガチャガチャの森ららぽーと福岡店,福岡県,on_hold,official,gashapon.jp 商品ページ「この商品が売っているお店」（ガシャポンどこ？）,https://gashapon.jp/products/detail.php?jan_code=4570118202260000,2026-09-30T14:03:08Z,gashapon.jp 商品ページ「この商品が売っているお店」（ガシャポンどこ？）に ガチャガチャの森ららぽーと福岡店（店舗コード S90001027）が掲載,店舗コード一致（gp-店舗コード）,サイトのフッターに「本サイトに掲載されている全ての画像、文章、データの無断転用、転載をお断りします。」と記載。株式会社バンダイの許諾を得るまで保留,https://www.bandai.co.jp/site/notice/
bandai-4570118202260000__gp-S90001010,bandai-4570118202260000,赤見かるび ～つまんでつなげてますこっと～,バンダイ,gp-S90001010,ガチャガチャの森 イオンモール福岡店,ガチャガチャの森イオンモール福岡店,福岡県,on_hold,official,gashapon.jp 商品ページ「この商品が売っているお店」（ガシャポンどこ？）,https://gashapon.jp/products/detail.php?jan_code=4570118202260000,2026-09-30T14:03:08Z,gashapon.jp 商品ページ「この商品が売っているお店」（ガシャポンどこ？）に ガチャガチャの森イオンモール福岡店（店舗コード S90001010）が掲載,店舗コード一致（gp-店舗コード）,サイトのフッターに「本サイトに掲載されている全ての画像、文章、データの無断転用、転載をお断りします。」と記載。株式会社バンダイの許諾を得るまで保留,https://www.bandai.co.jp/site/notice/
bandai-4570118202260000__gp-S90001598,bandai-4570118202260000,赤見かるび ～つまんでつなげてますこっと～,バンダイ,gp-S90001598,ガチャガチャの森 ブランチ博多 パピヨンガーデン店,ガチャガチャの森ブランチ博多店,福岡県,on_hold,official,gashapon.jp 商品ページ「この商品が売っているお店」（ガシャポンどこ？）,https://gashapon.jp/products/detail.php?jan_code=4570118202260000,2026-09-30T14:03:08Z,gashapon.jp 商品ページ「この商品が売っているお店」（ガシャポンどこ？）に ガチャガチャの森ブランチ博多店（店舗コード S90001598）が掲載,店舗コード一致（gp-店舗コード）,サイトのフッターに「本サイトに掲載されている全ての画像、文章、データの無断転用、転載をお断りします。」と記載。株式会社バンダイの許諾を得るまで保留,https://www.bandai.co.jp/site/notice/
bandai-4570118202260000__gp-S90001472,bandai-4570118202260000,赤見かるび ～つまんでつなげてますこっと～,バンダイ,gp-S90001472,ガチャガチャの森 天神西通り店,ガチャガチャの森天神西通り店,福岡県,on_hold,official,gashapon.jp 商品ページ「この商品が売っているお店」（ガシャポンどこ？）,https://gashapon.jp/products/detail.php?jan_code=4570118202260000,2026-09-30T14:03:08Z,gashapon.jp 商品ページ「この商品が売っているお店」（ガシャポンどこ？）に ガチャガチャの森天神西通り店（店舗コード S90001472）が掲載,店舗コード一致（gp-店舗コード）,サイトのフッターに「本サイトに掲載されている全ての画像、文章、データの無断転用、転載をお断りします。」と記載。株式会社バンダイの許諾を得るまで保留,https://www.bandai.co.jp/site/notice/
bandai-4570118202260000__gp-S90001566,bandai-4570118202260000,赤見かるび ～つまんでつなげてますこっと～,バンダイ,gp-S90001566,ガチャガチャの森西新店,ガチャガチャの森西新店,福岡県,on_hold,official,gashapon.jp 商品ページ「この商品が売っているお店」（ガシャポンどこ？）,https://gashapon.jp/products/detail.php?jan_code=4570118202260000,2026-09-30T14:03:08Z,gashapon.jp 商品ページ「この商品が売っているお店」（ガシャポンどこ？）に ガチャガチャの森西新店（店舗コード S90001566）が掲載,店舗コード一致（gp-店舗コード）,サイトのフッターに「本サイトに掲載されている全ての画像、文章、データの無断転用、転載をお断りします。」と記載。株式会社バンダイの許諾を得るまで保留,https://www.bandai.co.jp/site/notice/
bandai-4570118202260000__gp-S90001347,bandai-4570118202260000,赤見かるび ～つまんでつなげてますこっと～,バンダイ,gp-S90001347,ゲームらんど乙金,ゲームらんど乙金,福岡県,on_hold,official,gashapon.jp 商品ページ「この商品が売っているお店」（ガシャポンどこ？）,https://gashapon.jp/products/detail.php?jan_code=4570118202260000,2026-09-30T14:03:08Z,gashapon.jp 商品ページ「この商品が売っているお店」（ガシャポンどこ？）に ゲームらんど乙金（店舗コード S90001347）が掲載,店舗コード一致（gp-店舗コード）,サイトのフッターに「本サイトに掲載されている全ての画像、文章、データの無断転用、転載をお断りします。」と記載。株式会社バンダイの許諾を得るまで保留,https://www.bandai.co.jp/site/notice/
bandai-4582769995453000__gp-S90001545,bandai-4582769995453000,銀魂 まちぼうけ ～将軍もスタンバってんのかよォォォ～,バンダイ,gp-S90001545,#C-pla 東急プラザ原宿「ハラカド」店,#C-pla東急プラザ原宿ハラカド,東京都,on_hold,official,gashapon.jp 商品ページ「この商品が売っているお店」（ガシャポンどこ？）,https://gashapon.jp/products/detail.php?jan_code=4582769995453000,2026-09-30T14:02:59Z,gashapon.jp 商品ページ「この商品が売っているお店」（ガシャポンどこ？）に #C-pla東急プラザ原宿ハラカド（店舗コード S90001545）が掲載,店舗コード一致（gp-店舗コード）,サイトのフッターに「本サイトに掲載されている全ての画像、文章、データの無断転用、転載をお断りします。」と記載。株式会社バンダイの許諾を得るまで保留,https://www.bandai.co.jp/site/notice/
bandai-4582769995453000__gp-S90001108,bandai-4582769995453000,銀魂 まちぼうけ ～将軍もスタンバってんのかよォォォ～,バンダイ,gp-S90001108,カプセルラボ原宿,カプセルラボ原宿,東京都,on_hold,official,gashapon.jp 商品ページ「この商品が売っているお店」（ガシャポンどこ？）,https://gashapon.jp/products/detail.php?jan_code=4582769995453000,2026-09-30T14:02:59Z,gashapon.jp 商品ページ「この商品が売っているお店」（ガシャポンどこ？）に カプセルラボ原宿（店舗コード S90001108）が掲載,店舗コード一致（gp-店舗コード）,サイトのフッターに「本サイトに掲載されている全ての画像、文章、データの無断転用、転載をお断りします。」と記載。株式会社バンダイの許諾を得るまで保留,https://www.bandai.co.jp/site/notice/
bandai-4582769995453000__gp-S90000787,bandai-4582769995453000,銀魂 まちぼうけ ～将軍もスタンバってんのかよォォォ～,バンダイ,gp-S90000787,ガシャポンのデパート イトーヨーカドーアリオ北砂店,ガシャポンのデパートイトーヨーカドーアリオ北砂店,東京都,on_hold,official,gashapon.jp 商品ページ「この商品が売っているお店」（ガシャポンどこ？）,https://gashapon.jp/products/detail.php?jan_code=4582769995453000,2026-09-30T14:02:59Z,gashapon.jp 商品ページ「この商品が売っているお店」（ガシャポンどこ？）に ガシャポンのデパートイトーヨーカドーアリオ北砂店（店舗コード S90000787）が掲載,店舗コード一致（gp-店舗コード）,サイトのフッターに「本サイトに掲載されている全ての画像、文章、データの無断転用、転載をお断りします。」と記載。株式会社バンダイの許諾を得るまで保留,https://www.bandai.co.jp/site/notice/
bandai-4582769995453000__gp-S90000577,bandai-4582769995453000,銀魂 まちぼうけ ～将軍もスタンバってんのかよォォォ～,バンダイ,gp-S90000577,ガシャポンのデパートイトーヨーカドー木場店,ガシャポンのデパートイトーヨーカドー木場店,東京都,on_hold,official,gashapon.jp 商品ページ「この商品が売っているお店」（ガシャポンどこ？）,https://gashapon.jp/products/detail.php?jan_code=4582769995453000,2026-09-30T14:02:59Z,gashapon.jp 商品ページ「この商品が売っているお店」（ガシャポンどこ？）に ガシャポンのデパートイトーヨーカドー木場店（店舗コード S90000577）が掲載,店舗コード一致（gp-店舗コード）,サイトのフッターに「本サイトに掲載されている全ての画像、文章、データの無断転用、転載をお断りします。」と記載。株式会社バンダイの許諾を得るまで保留,https://www.bandai.co.jp/site/notice/
bandai-4582769995453000__gp-S90001661,bandai-4582769995453000,銀魂 まちぼうけ ～将軍もスタンバってんのかよォォォ～,バンダイ,gp-S90001661,ガシャポンオフィシャルショップ＠ASAKUSA,ガシャポンオフィシャルショップ＠ASAKUSA,東京都,on_hold,official,gashapon.jp 商品ページ「この商品が売っているお店」（ガシャポンどこ？）,https://gashapon.jp/products/detail.php?jan_code=4582769995453000,2026-09-30T14:02:59Z,gashapon.jp 商品ページ「この商品が売っているお店」（ガシャポンどこ？）に ガシャポンオフィシャルショップ＠ASAKUSA（店舗コード S90001661）が掲載,店舗コード一致（gp-店舗コード）,サイトのフッターに「本サイトに掲載されている全ての画像、文章、データの無断転用、転載をお断りします。」と記載。株式会社バンダイの許諾を得るまで保留,https://www.bandai.co.jp/site/notice/
bandai-4582769995453000__gp-S90000338,bandai-4582769995453000,銀魂 まちぼうけ ～将軍もスタンバってんのかよォォォ～,バンダイ,gp-S90000338,ガシャポンバンダイオフィシャルショップ 東京ソラマチ店,ガシャポンバンダイオフィシャルショップ東京ソラマチ店,東京都,on_hold,official,gashapon.jp 商品ページ「この商品が売っているお店」（ガシャポンどこ？）,https://gashapon.jp/products/detail.php?jan_code=4582769995453000,2026-09-30T14:02:59Z,gashapon.jp 商品ページ「この商品が売っているお店」（ガシャポンどこ？）に ガシャポンバンダイオフィシャルショップ東京ソラマチ店（店舗コード S90000338）が掲載,店舗コード一致（gp-店舗コード）,サイトのフッターに「本サイトに掲載されている全ての画像、文章、データの無断転用、転載をお断りします。」と記載。株式会社バンダイの許諾を得るまで保留,https://www.bandai.co.jp/site/notice/
bandai-4582769995453000__gp-S90001678,bandai-4582769995453000,銀魂 まちぼうけ ～将軍もスタンバってんのかよォォォ～,バンダイ,gp-S90001678,ガシャポンバンダイオフィシャルショップ浅草花やしき店,ガシャポンバンダイオフィシャルショップ浅草花やしき店,東京都,on_hold,official,gashapon.jp 商品ページ「この商品が売っているお店」（ガシャポンどこ？）,https://gashapon.jp/products/detail.php?jan_code=4582769995453000,2026-09-30T14:02:59Z,gashapon.jp 商品ページ「この商品が売っているお店」（ガシャポンどこ？）に ガシャポンバンダイオフィシャルショップ浅草花やしき店（店舗コード S90001678）が掲載,店舗コード一致（gp-店舗コード）,サイトのフッターに「本サイトに掲載されている全ての画像、文章、データの無断転用、転載をお断りします。」と記載。株式会社バンダイの許諾を得るまで保留,https://www.bandai.co.jp/site/notice/
bandai-4582769995453000__gp-S90000835,bandai-4582769995453000,銀魂 まちぼうけ ～将軍もスタンバってんのかよォォォ～,バンダイ,gp-S90000835,ガシャポンバンダイオフィシャルショップ秋葉原店,ガシャポンバンダイオフィシャルショップ秋葉原店,東京都,on_hold,official,gashapon.jp 商品ページ「この商品が売っているお店」（ガシャポンどこ？）,https://gashapon.jp/products/detail.php?jan_code=4582769995453000,2026-09-30T14:02:59Z,gashapon.jp 商品ページ「この商品が売っているお店」（ガシャポンどこ？）に ガシャポンバンダイオフィシャルショップ秋葉原店（店舗コード S90000835）が掲載,店舗コード一致（gp-店舗コード）,サイトのフッターに「本サイトに掲載されている全ての画像、文章、データの無断転用、転載をお断りします。」と記載。株式会社バンダイの許諾を得るまで保留,https://www.bandai.co.jp/site/notice/
bandai-4582769995453000__gp-S90001006,bandai-4582769995453000,銀魂 まちぼうけ ～将軍もスタンバってんのかよォォォ～,バンダイ,gp-S90001006,ガチャガチャの森 オリナス錦糸町店,ガチャガチャの森オリナス錦糸町店,東京都,on_hold,official,gashapon.jp 商品ページ「この商品が売っているお店」（ガシャポンどこ？）,https://gashapon.jp/products/detail.php?jan_code=4582769995453000,2026-09-30T14:02:59Z,gashapon.jp 商品ページ「この商品が売っているお店」（ガシャポンどこ？）に ガチャガチャの森オリナス錦糸町店（店舗コード S90001006）が掲載,店舗コード一致（gp-店舗コード）,サイトのフッターに「本サイトに掲載されている全ての画像、文章、データの無断転用、転載をお断りします。」と記載。株式会社バンダイの許諾を得るまで保留,https://www.bandai.co.jp/site/notice/
bandai-4582769995453000__gp-S90000935,bandai-4582769995453000,銀魂 まちぼうけ ～将軍もスタンバってんのかよォォォ～,バンダイ,gp-S90000935,ドリームカプセル 上野マルイ,ドリームカプセル 上野マルイ,東京都,on_hold,official,gashapon.jp 商品ページ「この商品が売っているお店」（ガシャポンどこ？）,https://gashapon.jp/products/detail.php?jan_code=4582769995453000,2026-09-30T14:02:59Z,gashapon.jp 商品ページ「この商品が売っているお店」（ガシャポンどこ？）に ドリームカプセル 上野マルイ（店舗コード S90000935）が掲載,店舗コード一致（gp-店舗コード）,サイトのフッターに「本サイトに掲載されている全ての画像、文章、データの無断転用、転載をお断りします。」と記載。株式会社バンダイの許諾を得るまで保留,https://www.bandai.co.jp/site/notice/
bandai-4582770055948000__gp-S90001533,bandai-4582770055948000,転生したらスライムだった件 リムルさまがいっぱいぬいぐるみ,バンダイ,gp-S90001533,ガシャポンのデパートmozoワンダーシティ店,ガシャポンのデパートMOZOワンダーシティ店,愛知県,on_hold,official,gashapon.jp 商品ページ「この商品が売っているお店」（ガシャポンどこ？）,https://gashapon.jp/products/detail.php?jan_code=4582770055948000,2026-09-30T14:03:05Z,gashapon.jp 商品ページ「この商品が売っているお店」（ガシャポンどこ？）に ガシャポンのデパートMOZOワンダーシティ店（店舗コード S90001533）が掲載,店舗コード一致（gp-店舗コード）,サイトのフッターに「本サイトに掲載されている全ての画像、文章、データの無断転用、転載をお断りします。」と記載。株式会社バンダイの許諾を得るまで保留,https://www.bandai.co.jp/site/notice/
bandai-4582770055948000__gp-S90001640,bandai-4582770055948000,転生したらスライムだった件 リムルさまがいっぱいぬいぐるみ,バンダイ,gp-S90001640,ガシャポンのデパートアピナ名古屋栄店,ガシャポンのデパートアピナ名古屋栄店,愛知県,on_hold,official,gashapon.jp 商品ページ「この商品が売っているお店」（ガシャポンどこ？）,https://gashapon.jp/products/detail.php?jan_code=4582770055948000,2026-09-30T14:03:05Z,gashapon.jp 商品ページ「この商品が売っているお店」（ガシャポンどこ？）に ガシャポンのデパートアピナ名古屋栄店（店舗コード S90001640）が掲載,店舗コード一致（gp-店舗コード）,サイトのフッターに「本サイトに掲載されている全ての画像、文章、データの無断転用、転載をお断りします。」と記載。株式会社バンダイの許諾を得るまで保留,https://www.bandai.co.jp/site/notice/
bandai-4582770055948000__gp-S90000575,bandai-4582770055948000,転生したらスライムだった件 リムルさまがいっぱいぬいぐるみ,バンダイ,gp-S90000575,ガシャポンのデパート則武新町店,ガシャポンのデパート則武新町店,愛知県,on_hold,official,gashapon.jp 商品ページ「この商品が売っているお店」（ガシャポンどこ？）,https://gashapon.jp/products/detail.php?jan_code=4582770055948000,2026-09-30T14:03:05Z,gashapon.jp 商品ページ「この商品が売っているお店」（ガシャポンどこ？）に ガシャポンのデパート則武新町店（店舗コード S90000575）が掲載,店舗コード一致（gp-店舗コード）,サイトのフッターに「本サイトに掲載されている全ての画像、文章、データの無断転用、転載をお断りします。」と記載。株式会社バンダイの許諾を得るまで保留,https://www.bandai.co.jp/site/notice/
bandai-4582770055948000__gp-S90001505,bandai-4582770055948000,転生したらスライムだった件 リムルさまがいっぱいぬいぐるみ,バンダイ,gp-S90001505,ガシャポンバンダイオフィシャルショップmozoワンダーシティ店,ガシャポンバンダイオフィシャルショップMOZOワンダーシティ店,愛知県,on_hold,official,gashapon.jp 商品ページ「この商品が売っているお店」（ガシャポンどこ？）,https://gashapon.jp/products/detail.php?jan_code=4582770055948000,2026-09-30T14:03:05Z,gashapon.jp 商品ページ「この商品が売っているお店」（ガシャポンどこ？）に ガシャポンバンダイオフィシャルショップMOZOワンダーシティ店（店舗コード S90001505）が掲載,店舗コード一致（gp-店舗コード）,サイトのフッターに「本サイトに掲載されている全ての画像、文章、データの無断転用、転載をお断りします。」と記載。株式会社バンダイの許諾を得るまで保留,https://www.bandai.co.jp/site/notice/
bandai-4582770055948000__gp-S90001564,bandai-4582770055948000,転生したらスライムだった件 リムルさまがいっぱいぬいぐるみ,バンダイ,gp-S90001564,ガシャポンバンダイオフィシャルショップららぽーと名古屋みなとアクルス店,ガシャポンバンダイオフィシャルショップららぽーと名古屋みなとアクルス店,愛知県,on_hold,official,gashapon.jp 商品ページ「この商品が売っているお店」（ガシャポンどこ？）,https://gashapon.jp/products/detail.php?jan_code=4582770055948000,2026-09-30T14:03:05Z,gashapon.jp 商品ページ「この商品が売っているお店」（ガシャポンどこ？）に ガシャポンバンダイオフィシャルショップららぽーと名古屋みなとアクルス店（店舗コード S90001564）が掲載,店舗コード一致（gp-店舗コード）,サイトのフッターに「本サイトに掲載されている全ての画像、文章、データの無断転用、転載をお断りします。」と記載。株式会社バンダイの許諾を得るまで保留,https://www.bandai.co.jp/site/notice/
bandai-4582770055948000__gp-S90001305,bandai-4582770055948000,転生したらスライムだった件 リムルさまがいっぱいぬいぐるみ,バンダイ,gp-S90001305,ガシャポンバンダイオフィシャルショップ駿河屋名古屋栄店,ガシャポンバンダイオフィシャルショップ駿河屋名古屋栄店,愛知県,on_hold,official,gashapon.jp 商品ページ「この商品が売っているお店」（ガシャポンどこ？）,https://gashapon.jp/products/detail.php?jan_code=4582770055948000,2026-09-30T14:03:05Z,gashapon.jp 商品ページ「この商品が売っているお店」（ガシャポンどこ？）に ガシャポンバンダイオフィシャルショップ駿河屋名古屋栄店（店舗コード S90001305）が掲載,店舗コード一致（gp-店舗コード）,サイトのフッターに「本サイトに掲載されている全ての画像、文章、データの無断転用、転載をお断りします。」と記載。株式会社バンダイの許諾を得るまで保留,https://www.bandai.co.jp/site/notice/
bandai-4582770055948000__gp-S90001005,bandai-4582770055948000,転生したらスライムだった件 リムルさまがいっぱいぬいぐるみ,バンダイ,gp-S90001005,ガチャガチャの森 アスナル金山店,ガチャガチャの森アスナル金山店,愛知県,on_hold,official,gashapon.jp 商品ページ「この商品が売っているお店」（ガシャポンどこ？）,https://gashapon.jp/products/detail.php?jan_code=4582770055948000,2026-09-30T14:03:05Z,gashapon.jp 商品ページ「この商品が売っているお店」（ガシャポンどこ？）に ガチャガチャの森アスナル金山店（店舗コード S90001005）が掲載,店舗コード一致（gp-店舗コード）,サイトのフッターに「本サイトに掲載されている全ての画像、文章、データの無断転用、転載をお断りします。」と記載。株式会社バンダイの許諾を得るまで保留,https://www.bandai.co.jp/site/notice/
bandai-4582770055948000__gp-S90001012,bandai-4582770055948000,転生したらスライムだった件 リムルさまがいっぱいぬいぐるみ,バンダイ,gp-S90001012,ガチャガチャの森 オアシス21店,ガチャガチャの森オアシス21店,愛知県,on_hold,official,gashapon.jp 商品ページ「この商品が売っているお店」（ガシャポンどこ？）,https://gashapon.jp/products/detail.php?jan_code=4582770055948000,2026-09-30T14:03:05Z,gashapon.jp 商品ページ「この商品が売っているお店」（ガシャポンどこ？）に ガチャガチャの森オアシス21店（店舗コード S90001012）が掲載,店舗コード一致（gp-店舗コード）,サイトのフッターに「本サイトに掲載されている全ての画像、文章、データの無断転用、転載をお断りします。」と記載。株式会社バンダイの許諾を得るまで保留,https://www.bandai.co.jp/site/notice/
bandai-4582770055948000__gp-S90000996,bandai-4582770055948000,転生したらスライムだった件 リムルさまがいっぱいぬいぐるみ,バンダイ,gp-S90000996,ガチャガチャの森イオンモールナゴヤドーム前店,ガチャガチャの森イオンモールナゴヤドーム前店,愛知県,on_hold,official,gashapon.jp 商品ページ「この商品が売っているお店」（ガシャポンどこ？）,https://gashapon.jp/products/detail.php?jan_code=4582770055948000,2026-09-30T14:03:05Z,gashapon.jp 商品ページ「この商品が売っているお店」（ガシャポンどこ？）に ガチャガチャの森イオンモールナゴヤドーム前店（店舗コード S90000996）が掲載,店舗コード一致（gp-店舗コード）,サイトのフッターに「本サイトに掲載されている全ての画像、文章、データの無断転用、転載をお断りします。」と記載。株式会社バンダイの許諾を得るまで保留,https://www.bandai.co.jp/site/notice/
bandai-4582770055948000__gp-S90000828,bandai-4582770055948000,転生したらスライムだった件 リムルさまがいっぱいぬいぐるみ,バンダイ,gp-S90000828,ドリームカプセル 名古屋栄セントラルパーク,ドリームカプセル　名古屋セントラルパーク店,愛知県,on_hold,official,gashapon.jp 商品ページ「この商品が売っているお店」（ガシャポンどこ？）,https://gashapon.jp/products/detail.php?jan_code=4582770055948000,2026-09-30T14:03:05Z,gashapon.jp 商品ページ「この商品が売っているお店」（ガシャポンどこ？）に ドリームカプセル　名古屋セントラルパーク店（店舗コード S90000828）が掲載,店舗コード一致（gp-店舗コード）,サイトのフッターに「本サイトに掲載されている全ての画像、文章、データの無断転用、転載をお断りします。」と記載。株式会社バンダイの許諾を得るまで保留,https://www.bandai.co.jp/site/notice/
bandai-4582770140583000__gp-S90000844,bandai-4582770140583000,逆転バリバリバース バリバコイン GP 第1転,バンダイ,gp-S90000844,#C-pla ekimoなんば店,＃C-pla ekimoなんば,大阪府,on_hold,official,gashapon.jp 商品ページ「この商品が売っているお店」（ガシャポンどこ？）,https://gashapon.jp/products/detail.php?jan_code=4582770140583000,2026-09-30T14:03:02Z,gashapon.jp 商品ページ「この商品が売っているお店」（ガシャポンどこ？）に ＃C-pla ekimoなんば（店舗コード S90000844）が掲載,店舗コード一致（gp-店舗コード）,サイトのフッターに「本サイトに掲載されている全ての画像、文章、データの無断転用、転載をお断りします。」と記載。株式会社バンダイの許諾を得るまで保留,https://www.bandai.co.jp/site/notice/
bandai-4582770140583000__gp-S90001476,bandai-4582770140583000,逆転バリバリバース バリバコイン GP 第1転,バンダイ,gp-S90001476,#C-pla 大阪心斎橋筋1丁目店,#C-pla大阪心斎橋筋1丁目,大阪府,on_hold,official,gashapon.jp 商品ページ「この商品が売っているお店」（ガシャポンどこ？）,https://gashapon.jp/products/detail.php?jan_code=4582770140583000,2026-09-30T14:03:02Z,gashapon.jp 商品ページ「この商品が売っているお店」（ガシャポンどこ？）に #C-pla大阪心斎橋筋1丁目（店舗コード S90001476）が掲載,店舗コード一致（gp-店舗コード）,サイトのフッターに「本サイトに掲載されている全ての画像、文章、データの無断転用、転載をお断りします。」と記載。株式会社バンダイの許諾を得るまで保留,https://www.bandai.co.jp/site/notice/
bandai-4582770140583000__gp-S90001150,bandai-4582770140583000,逆転バリバリバース バリバコイン GP 第1転,バンダイ,gp-S90001150,#C-pla 大阪心斎橋筋北店,＃C-pla大阪心斎橋筋北,大阪府,on_hold,official,gashapon.jp 商品ページ「この商品が売っているお店」（ガシャポンどこ？）,https://gashapon.jp/products/detail.php?jan_code=4582770140583000,2026-09-30T14:03:02Z,gashapon.jp 商品ページ「この商品が売っているお店」（ガシャポンどこ？）に ＃C-pla大阪心斎橋筋北（店舗コード S90001150）が掲載,店舗コード一致（gp-店舗コード）,サイトのフッターに「本サイトに掲載されている全ての画像、文章、データの無断転用、転載をお断りします。」と記載。株式会社バンダイの許諾を得るまで保留,https://www.bandai.co.jp/site/notice/
bandai-4582770140583000__gp-S90001259,bandai-4582770140583000,逆転バリバリバース バリバコイン GP 第1転,バンダイ,gp-S90001259,#C-pla 大阪心斎橋筋南店2号館,＃C-pla大阪心斎橋筋南店2号館,大阪府,on_hold,official,gashapon.jp 商品ページ「この商品が売っているお店」（ガシャポンどこ？）,https://gashapon.jp/products/detail.php?jan_code=4582770140583000,2026-09-30T14:03:02Z,gashapon.jp 商品ページ「この商品が売っているお店」（ガシャポンどこ？）に ＃C-pla大阪心斎橋筋南店2号館（店舗コード S90001259）が掲載,店舗コード一致（gp-店舗コード）,サイトのフッターに「本サイトに掲載されている全ての画像、文章、データの無断転用、転載をお断りします。」と記載。株式会社バンダイの許諾を得るまで保留,https://www.bandai.co.jp/site/notice/
bandai-4582770140583000__gp-S90000634,bandai-4582770140583000,逆転バリバリバース バリバコイン GP 第1転,バンダイ,gp-S90000634,ガシャポンSHOP なんばマルイ,ガシャポンSHOP なんばマルイ,大阪府,on_hold,official,gashapon.jp 商品ページ「この商品が売っているお店」（ガシャポンどこ？）,https://gashapon.jp/products/detail.php?jan_code=4582770140583000,2026-09-30T14:03:02Z,gashapon.jp 商品ページ「この商品が売っているお店」（ガシャポンどこ？）に ガシャポンSHOP なんばマルイ（店舗コード S90000634）が掲載,店舗コード一致（gp-店舗コード）,サイトのフッターに「本サイトに掲載されている全ての画像、文章、データの無断転用、転載をお断りします。」と記載。株式会社バンダイの許諾を得るまで保留,https://www.bandai.co.jp/site/notice/
bandai-4582770140583000__gp-S90000838,bandai-4582770140583000,逆転バリバリバース バリバコイン GP 第1転,バンダイ,gp-S90000838,ガシャポンバンダイオフィシャルショップHEP FIVE店,ガシャポンバンダイオフィシャルショップHEP FIVE店,大阪府,on_hold,official,gashapon.jp 商品ページ「この商品が売っているお店」（ガシャポンどこ？）,https://gashapon.jp/products/detail.php?jan_code=4582770140583000,2026-09-30T14:03:02Z,gashapon.jp 商品ページ「この商品が売っているお店」（ガシャポンどこ？）に ガシャポンバンダイオフィシャルショップHEP FIVE店（店舗コード S90000838）が掲載,店舗コード一致（gp-店舗コード）,サイトのフッターに「本サイトに掲載されている全ての画像、文章、データの無断転用、転載をお断りします。」と記載。株式会社バンダイの許諾を得るまで保留,https://www.bandai.co.jp/site/notice/
bandai-4582770140583000__gp-S90001677,bandai-4582770140583000,逆転バリバリバース バリバコイン GP 第1転,バンダイ,gp-S90001677,ガシャポンバンダイオフィシャルショップ梅田スカイビルタワーイースト 3F店,ガシャポンバンダイオフィシャルショップ梅田スカイビルタワーイースト 3F店,大阪府,on_hold,official,gashapon.jp 商品ページ「この商品が売っているお店」（ガシャポンどこ？）,https://gashapon.jp/products/detail.php?jan_code=4582770140583000,2026-09-30T14:03:02Z,gashapon.jp 商品ページ「この商品が売っているお店」（ガシャポンどこ？）に ガシャポンバンダイオフィシャルショップ梅田スカイビルタワーイースト 3F店（店舗コード S90001677）が掲載,店舗コード一致（gp-店舗コード）,サイトのフッターに「本サイトに掲載されている全ての画像、文章、データの無断転用、転載をお断りします。」と記載。株式会社バンダイの許諾を得るまで保留,https://www.bandai.co.jp/site/notice/
bandai-4582770140583000__gp-S90000792,bandai-4582770140583000,逆転バリバリバース バリバコイン GP 第1転,バンダイ,gp-S90000792,ガシャポンバンダイオフィシャルショップ梅田店,ガシャポンバンダイオフィシャルショップ梅田店,大阪府,on_hold,official,gashapon.jp 商品ページ「この商品が売っているお店」（ガシャポンどこ？）,https://gashapon.jp/products/detail.php?jan_code=4582770140583000,2026-09-30T14:03:02Z,gashapon.jp 商品ページ「この商品が売っているお店」（ガシャポンどこ？）に ガシャポンバンダイオフィシャルショップ梅田店（店舗コード S90000792）が掲載,店舗コード一致（gp-店舗コード）,サイトのフッターに「本サイトに掲載されている全ての画像、文章、データの無断転用、転載をお断りします。」と記載。株式会社バンダイの許諾を得るまで保留,https://www.bandai.co.jp/site/notice/
bandai-4582770140583000__gp-S90001506,bandai-4582770140583000,逆転バリバリバース バリバコイン GP 第1転,バンダイ,gp-S90001506,ガシャポンバンダイオフィシャルショップ駿河屋梅田茶屋町店,ガシャポンバンダイオフィシャルショップ駿河屋梅田茶屋町店,大阪府,on_hold,official,gashapon.jp 商品ページ「この商品が売っているお店」（ガシャポンどこ？）,https://gashapon.jp/products/detail.php?jan_code=4582770140583000,2026-09-30T14:03:02Z,gashapon.jp 商品ページ「この商品が売っているお店」（ガシャポンどこ？）に ガシャポンバンダイオフィシャルショップ駿河屋梅田茶屋町店（店舗コード S90001506）が掲載,店舗コード一致（gp-店舗コード）,サイトのフッターに「本サイトに掲載されている全ての画像、文章、データの無断転用、転載をお断りします。」と記載。株式会社バンダイの許諾を得るまで保留,https://www.bandai.co.jp/site/notice/
bandai-4582770140583000__gp-S90001187,bandai-4582770140583000,逆転バリバリバース バリバコイン GP 第1転,バンダイ,gp-S90001187,ガチャガチャの森 梅田茶屋町店,ガチャガチャの森梅田茶屋町店,大阪府,on_hold,official,gashapon.jp 商品ページ「この商品が売っているお店」（ガシャポンどこ？）,https://gashapon.jp/products/detail.php?jan_code=4582770140583000,2026-09-30T14:03:02Z,gashapon.jp 商品ページ「この商品が売っているお店」（ガシャポンどこ？）に ガチャガチャの森梅田茶屋町店（店舗コード S90001187）が掲載,店舗コード一致（gp-店舗コード）,サイトのフッターに「本サイトに掲載されている全ての画像、文章、データの無断転用、転載をお断りします。」と記載。株式会社バンダイの許諾を得るまで保留,https://www.bandai.co.jp/site/notice/
tta-Y094149__gp-S90000279,tta-Y094149,ポケモン プルバックマスコット,タカラトミーアーツ,gp-S90000279,タワーレコードモレラ岐阜,タワーレコードモレラ岐阜店,岐阜県,on_hold,official,タカラトミーアーツ公式「ガチャ™取扱店舗」,https://www.takaratomy-arts.co.jp/items/shoplist.html?shohincd=4904790094149,2026-09-30T14:01:40Z,タカラトミーアーツ公式「ガチャ™取扱店舗」に タワーレコードモレラ岐阜店（岐阜県本巣市三橋1100　モレラ岐阜2F）が掲載（GachaNavi 店舗と住所・名称一致）,住所（番地まで）と店舗名の一致,サイトポリシーに「データなどすべての情報について、無断で転用、転載することはご遠慮ください。」と記載。株式会社タカラトミーアーツの許諾を得るまで保留,https://www.takaratomy-arts.co.jp/sitepolicy.html
tta-Y094149__gp-S90000253,tta-Y094149,ポケモン プルバックマスコット,タカラトミーアーツ,gp-S90000253,イオン穂波,イオン穂波店,福岡県,on_hold,official,タカラトミーアーツ公式「ガチャ™取扱店舗」,https://www.takaratomy-arts.co.jp/items/shoplist.html?shohincd=4904790094149,2026-09-30T14:01:40Z,タカラトミーアーツ公式「ガチャ™取扱店舗」に イオン穂波店（福岡県飯塚市枝国長浦666-48）が掲載（GachaNavi 店舗と住所・名称一致）,住所（番地まで）と店舗名の一致,サイトポリシーに「データなどすべての情報について、無断で転用、転載することはご遠慮ください。」と記載。株式会社タカラトミーアーツの許諾を得るまで保留,https://www.takaratomy-arts.co.jp/sitepolicy.html
tta-Y094149__loc-h4bfd2be6d180,tta-Y094149,ポケモン プルバックマスコット,タカラトミーアーツ,loc-h4bfd2be6d180,ゆめタウン 三豊店,-ゆめタウン三豊店,香川県,on_hold,official,タカラトミーアーツ公式「ガチャ™取扱店舗」,https://www.takaratomy-arts.co.jp/items/shoplist.html?shohincd=4904790094149,2026-09-30T14:01:40Z,タカラトミーアーツ公式「ガチャ™取扱店舗」に -ゆめタウン三豊店（香川県三豊市豊中町本山甲22）が掲載（GachaNavi 店舗と住所・名称一致）,住所（番地まで）と店舗名の一致,サイトポリシーに「データなどすべての情報について、無断で転用、転載することはご遠慮ください。」と記載。株式会社タカラトミーアーツの許諾を得るまで保留,https://www.takaratomy-arts.co.jp/sitepolicy.html
tta-Y094149__loc-h6ce2ee045977,tta-Y094149,ポケモン プルバックマスコット,タカラトミーアーツ,loc-h6ce2ee045977,ゆめタウン 丸亀店,-ゆめタウン丸亀店,香川県,on_hold,official,タカラトミーアーツ公式「ガチャ™取扱店舗」,https://www.takaratomy-arts.co.jp/items/shoplist.html?shohincd=4904790094149,2026-09-30T14:01:40Z,タカラトミーアーツ公式「ガチャ™取扱店舗」に -ゆめタウン丸亀店（香川県丸亀市新田町150）が掲載（GachaNavi 店舗と住所・名称一致）,住所（番地まで）と店舗名の一致,サイトポリシーに「データなどすべての情報について、無断で転用、転載することはご遠慮ください。」と記載。株式会社タカラトミーアーツの許諾を得るまで保留,https://www.takaratomy-arts.co.jp/sitepolicy.html
tta-Y902987__loc-hef6d0b05b023,tta-Y902987,ポケモン ニャースいっぱいコレクション,タカラトミーアーツ,loc-hef6d0b05b023,アピタ 東松山店,-アピタ東松山店,埼玉県,on_hold,official,タカラトミーアーツ公式「ガチャ™取扱店舗」,https://www.takaratomy-arts.co.jp/items/shoplist.html?shohincd=4904790902987,2026-09-30T14:01:46Z,タカラトミーアーツ公式「ガチャ™取扱店舗」に -アピタ東松山店（埼玉県東松山市あずま町4-3）が掲載（GachaNavi 店舗と住所・名称一致）,住所（番地まで）と店舗名の一致,サイトポリシーに「データなどすべての情報について、無断で転用、転載することはご遠慮ください。」と記載。株式会社タカラトミーアーツの許諾を得るまで保留,https://www.takaratomy-arts.co.jp/sitepolicy.html
tta-Y902987__loc-h6ce2ee045977,tta-Y902987,ポケモン ニャースいっぱいコレクション,タカラトミーアーツ,loc-h6ce2ee045977,ゆめタウン 丸亀店,-ゆめタウン丸亀店,香川県,on_hold,official,タカラトミーアーツ公式「ガチャ™取扱店舗」,https://www.takaratomy-arts.co.jp/items/shoplist.html?shohincd=4904790902987,2026-09-30T14:01:46Z,タカラトミーアーツ公式「ガチャ™取扱店舗」に -ゆめタウン丸亀店（香川県丸亀市新田町150）が掲載（GachaNavi 店舗と住所・名称一致）,住所（番地まで）と店舗名の一致,サイトポリシーに「データなどすべての情報について、無断で転用、転載することはご遠慮ください。」と記載。株式会社タカラトミーアーツの許諾を得るまで保留,https://www.takaratomy-arts.co.jp/sitepolicy.html
tta-Y909108__gp-S90000253,tta-Y909108,ポケモン 30周年ポーチでらっくす,タカラトミーアーツ,gp-S90000253,イオン穂波,イオン穂波店,福岡県,on_hold,official,タカラトミーアーツ公式「ガチャ™取扱店舗」,https://www.takaratomy-arts.co.jp/items/shoplist.html?shohincd=4904790909108,2026-09-30T14:01:49Z,タカラトミーアーツ公式「ガチャ™取扱店舗」に イオン穂波店（福岡県飯塚市枝国長浦666-48）が掲載（GachaNavi 店舗と住所・名称一致）,住所（番地まで）と店舗名の一致,サイトポリシーに「データなどすべての情報について、無断で転用、転載することはご遠慮ください。」と記載。株式会社タカラトミーアーツの許諾を得るまで保留,https://www.takaratomy-arts.co.jp/sitepolicy.html
qualia-2037__gp-S90000114,qualia-2037,ブタの貯金箱とその仲間たち3 クリアバージョン,Qualia,gp-S90000114,#C-pla イオンモール千葉ニュータウン店,#C-pla イオンモール千葉ニュータウン,千葉県,on_hold,official,Qualia 公式 商品ページ「販売店舗マップ」,https://www.qualia-45.jp/product/view/2037,2026-09-30T14:03:44Z,Qualia 公式 商品ページ「販売店舗マップ」に #C-pla イオンモール千葉ニュータウン が掲載（GachaNavi 店舗と名称一致・座標差 0m）,店舗名一致・座標差 0m,データ利用を明確に許可する規約が確認できないため保留（禁止の記載も確認できていない）,https://www.qualia-45.jp/faq.html
qualia-2037__gp-S90000129,qualia-2037,ブタの貯金箱とその仲間たち3 クリアバージョン,Qualia,gp-S90000129,#C-pla イオンモール大曲店,#C-plaイオンモール大曲,秋田県,on_hold,official,Qualia 公式 商品ページ「販売店舗マップ」,https://www.qualia-45.jp/product/view/2037,2026-09-30T14:03:44Z,Qualia 公式 商品ページ「販売店舗マップ」に #C-plaイオンモール大曲 が掲載（GachaNavi 店舗と名称一致・座標差 0m）,店舗名一致・座標差 0m,データ利用を明確に許可する規約が確認できないため保留（禁止の記載も確認できていない）,https://www.qualia-45.jp/faq.html
qualia-2038__gp-S90001429,qualia-2038,ネネニマルマスコットフィギュア,Qualia,gp-S90001429,#C-pla CiiNACiiNA屯田店,#C-pla　CiiNACiiNA屯田,北海道,on_hold,official,Qualia 公式 商品ページ「販売店舗マップ」,https://www.qualia-45.jp/product/view/2038,2026-09-30T14:03:51Z,Qualia 公式 商品ページ「販売店舗マップ」に #C-pla　CiiNACiiNA屯田 が掲載（GachaNavi 店舗と名称一致・座標差 8m）,店舗名一致・座標差 8m,データ利用を明確に許可する規約が確認できないため保留（禁止の記載も確認できていない）,https://www.qualia-45.jp/faq.html
qualia-2038__gp-S90000935,qualia-2038,ネネニマルマスコットフィギュア,Qualia,gp-S90000935,ドリームカプセル 上野マルイ,ドリームカプセル上野マルイ,東京都,on_hold,official,Qualia 公式 商品ページ「販売店舗マップ」,https://www.qualia-45.jp/product/view/2038,2026-09-30T14:03:51Z,Qualia 公式 商品ページ「販売店舗マップ」に ドリームカプセル上野マルイ が掲載（GachaNavi 店舗と名称一致・座標差 15m）,店舗名一致・座標差 15m,データ利用を明確に許可する規約が確認できないため保留（禁止の記載も確認できていない）,https://www.qualia-45.jp/faq.html
qualia-2038__gp-S90000764,qualia-2038,ネネニマルマスコットフィギュア,Qualia,gp-S90000764,#C-pla イオンモール大和店,#C-pla イオンモール大和,神奈川県,on_hold,official,Qualia 公式 商品ページ「販売店舗マップ」,https://www.qualia-45.jp/product/view/2038,2026-09-30T14:03:51Z,Qualia 公式 商品ページ「販売店舗マップ」に #C-pla イオンモール大和 が掲載（GachaNavi 店舗と名称一致・座標差 5m）,店舗名一致・座標差 5m,データ利用を明確に許可する規約が確認できないため保留（禁止の記載も確認できていない）,https://www.qualia-45.jp/faq.html
qualia-2039__gp-S90000093,qualia-2039,虹龍さん マスコットフィギュア 4,Qualia,gp-S90000093,ドリームカプセル 神戸ハーバーランドumie,ドリームカプセル神戸ハーバーランドumie,兵庫県,on_hold,official,Qualia 公式 商品ページ「販売店舗マップ」,https://www.qualia-45.jp/product/view/2039,2026-09-30T14:03:34Z,Qualia 公式 商品ページ「販売店舗マップ」に ドリームカプセル神戸ハーバーランドumie が掲載（GachaNavi 店舗と名称一致・座標差 0m）,店舗名一致・座標差 0m,データ利用を明確に許可する規約が確認できないため保留（禁止の記載も確認できていない）,https://www.qualia-45.jp/faq.html
qualia-2039__gp-S90000630,qualia-2039,虹龍さん マスコットフィギュア 4,Qualia,gp-S90000630,#C-pla ティアラ21店,#C-pla ティアラ21,埼玉県,on_hold,official,Qualia 公式 商品ページ「販売店舗マップ」,https://www.qualia-45.jp/product/view/2039,2026-09-30T14:03:34Z,Qualia 公式 商品ページ「販売店舗マップ」に #C-pla ティアラ21 が掲載（GachaNavi 店舗と名称一致・座標差 0m）,店舗名一致・座標差 0m,データ利用を明確に許可する規約が確認できないため保留（禁止の記載も確認できていない）,https://www.qualia-45.jp/faq.html
qualia-2039__gp-S90001436,qualia-2039,虹龍さん マスコットフィギュア 4,Qualia,gp-S90001436,#C-pla 仙台中央通り3号店,#C-pla　仙台中央通り3号,宮城県,on_hold,official,Qualia 公式 商品ページ「販売店舗マップ」,https://www.qualia-45.jp/product/view/2039,2026-09-30T14:03:34Z,Qualia 公式 商品ページ「販売店舗マップ」に #C-pla　仙台中央通り3号 が掲載（GachaNavi 店舗と名称一致・座標差 0m）,店舗名一致・座標差 0m,データ利用を明確に許可する規約が確認できないため保留（禁止の記載も確認できていない）,https://www.qualia-45.jp/faq.html
qualia-2039__gp-S90000065,qualia-2039,虹龍さん マスコットフィギュア 4,Qualia,gp-S90000065,ドリームカプセル イオンモール東浦店,ドリームカプセルイオンモール東浦,愛知県,on_hold,official,Qualia 公式 商品ページ「販売店舗マップ」,https://www.qualia-45.jp/product/view/2039,2026-09-30T14:03:34Z,Qualia 公式 商品ページ「販売店舗マップ」に ドリームカプセルイオンモール東浦 が掲載（GachaNavi 店舗と名称一致・座標差 0m）,店舗名一致・座標差 0m,データ利用を明確に許可する規約が確認できないため保留（禁止の記載も確認できていない）,https://www.qualia-45.jp/faq.html
qualia-2041__gp-S90000821,qualia-2041,バターベア(Butterbear)プリントミニトート,Qualia,gp-S90000821,#C-pla 京都寺町京極店,#C-pla 京都寺町京極,京都府,on_hold,official,Qualia 公式 商品ページ「販売店舗マップ」,https://www.qualia-45.jp/product/view/2041,2026-09-30T14:03:48Z,Qualia 公式 商品ページ「販売店舗マップ」に #C-pla 京都寺町京極 が掲載（GachaNavi 店舗と名称一致・座標差 0m）,店舗名一致・座標差 0m,データ利用を明確に許可する規約が確認できないため保留（禁止の記載も確認できていない）,https://www.qualia-45.jp/faq.html
qualia-2041__gp-S90000934,qualia-2041,バターベア(Butterbear)プリントミニトート,Qualia,gp-S90000934,ドリームカプセル イオンタウン松原,ドリームカプセルイオンタウン松原,大阪府,on_hold,official,Qualia 公式 商品ページ「販売店舗マップ」,https://www.qualia-45.jp/product/view/2041,2026-09-30T14:03:48Z,Qualia 公式 商品ページ「販売店舗マップ」に ドリームカプセルイオンタウン松原 が掲載（GachaNavi 店舗と名称一致・座標差 0m）,店舗名一致・座標差 0m,データ利用を明確に許可する規約が確認できないため保留（禁止の記載も確認できていない）,https://www.qualia-45.jp/faq.html
qualia-2041__gp-S90000130,qualia-2041,バターベア(Butterbear)プリントミニトート,Qualia,gp-S90000130,#C-pla トレッサ横浜店,#C-pla トレッサ横浜,神奈川県,on_hold,official,Qualia 公式 商品ページ「販売店舗マップ」,https://www.qualia-45.jp/product/view/2041,2026-09-30T14:03:48Z,Qualia 公式 商品ページ「販売店舗マップ」に #C-pla トレッサ横浜 が掲載（GachaNavi 店舗と名称一致・座標差 0m）,店舗名一致・座標差 0m,データ利用を明確に許可する規約が確認できないため保留（禁止の記載も確認できていない）,https://www.qualia-45.jp/faq.html
qualia-2041__gp-S90001004,qualia-2041,バターベア(Butterbear)プリントミニトート,Qualia,gp-S90001004,ガチャガチャの森コースカベイサイドストアーズ店,ガチャガチャの森　コースカベイサイドストアーズ店,神奈川県,on_hold,official,Qualia 公式 商品ページ「販売店舗マップ」,https://www.qualia-45.jp/product/view/2041,2026-09-30T14:03:48Z,Qualia 公式 商品ページ「販売店舗マップ」に ガチャガチャの森　コースカベイサイドストアーズ店 が掲載（GachaNavi 店舗と名称一致・座標差 1m）,店舗名一致・座標差 1m,データ利用を明確に許可する規約が確認できないため保留（禁止の記載も確認できていない）,https://www.qualia-45.jp/faq.html
qualia-2041__gp-S90001566,qualia-2041,バターベア(Butterbear)プリントミニトート,Qualia,gp-S90001566,ガチャガチャの森西新店,ガチャガチャの森　西新店,福岡県,on_hold,official,Qualia 公式 商品ページ「販売店舗マップ」,https://www.qualia-45.jp/product/view/2041,2026-09-30T14:03:48Z,Qualia 公式 商品ページ「販売店舗マップ」に ガチャガチャの森　西新店 が掲載（GachaNavi 店舗と名称一致・座標差 0m）,店舗名一致・座標差 0m,データ利用を明確に許可する規約が確認できないため保留（禁止の記載も確認できていない）,https://www.qualia-45.jp/faq.html
qualia-2041__gp-S90000765,qualia-2041,バターベア(Butterbear)プリントミニトート,Qualia,gp-S90000765,ドリームカプセル シーナシーナ 青森,ドリームカプセルシーナシーナ青森,青森県,on_hold,official,Qualia 公式 商品ページ「販売店舗マップ」,https://www.qualia-45.jp/product/view/2041,2026-09-30T14:03:48Z,Qualia 公式 商品ページ「販売店舗マップ」に ドリームカプセルシーナシーナ青森 が掲載（GachaNavi 店舗と名称一致・座標差 11m）,店舗名一致・座標差 11m,データ利用を明確に許可する規約が確認できないため保留（禁止の記載も確認できていない）,https://www.qualia-45.jp/faq.html
qualia-2047__gp-S90000137,qualia-2047,ンめねこ ビッグリボン ぬいぐるみマスコット,Qualia,gp-S90000137,ドリームカプセル イオンモール鈴鹿,ドリームカプセルイオンモール鈴鹿,三重県,on_hold,official,Qualia 公式 商品ページ「販売店舗マップ」,https://www.qualia-45.jp/product/view/2047,2026-09-30T14:03:38Z,Qualia 公式 商品ページ「販売店舗マップ」に ドリームカプセルイオンモール鈴鹿 が掲載（GachaNavi 店舗と名称一致・座標差 1m）,店舗名一致・座標差 1m,データ利用を明確に許可する規約が確認できないため保留（禁止の記載も確認できていない）,https://www.qualia-45.jp/faq.html
qualia-2047__loc-h670005ec86cc,qualia-2047,ンめねこ ビッグリボン ぬいぐるみマスコット,Qualia,loc-h670005ec86cc,ガチャ王国 O’s collebo広島店,ガチャ王国 O’s collebo 広島店,広島県,on_hold,official,Qualia 公式 商品ページ「販売店舗マップ」,https://www.qualia-45.jp/product/view/2047,2026-09-30T14:03:38Z,Qualia 公式 商品ページ「販売店舗マップ」に ガチャ王国 O’s collebo 広島店 が掲載（GachaNavi 店舗と名称一致・座標差 10m）,店舗名一致・座標差 10m,データ利用を明確に許可する規約が確認できないため保留（禁止の記載も確認できていない）,https://www.qualia-45.jp/faq.html
qualia-2047__gp-S90000103,qualia-2047,ンめねこ ビッグリボン ぬいぐるみマスコット,Qualia,gp-S90000103,ドリームカプセル イオンモール松本,ドリームカプセルイオンモール松本,長野県,on_hold,official,Qualia 公式 商品ページ「販売店舗マップ」,https://www.qualia-45.jp/product/view/2047,2026-09-30T14:03:38Z,Qualia 公式 商品ページ「販売店舗マップ」に ドリームカプセルイオンモール松本 が掲載（GachaNavi 店舗と名称一致・座標差 0m）,店舗名一致・座標差 0m,データ利用を明確に許可する規約が確認できないため保留（禁止の記載も確認できていない）,https://www.qualia-45.jp/faq.html
qualia-2047__loc-h4414ee86bf11,qualia-2047,ンめねこ ビッグリボン ぬいぐるみマスコット,Qualia,loc-h4414ee86bf11,ガチャ王国 O’s collebo高松店,ガチャ王国 O’s collebo 高松店,香川県,on_hold,official,Qualia 公式 商品ページ「販売店舗マップ」,https://www.qualia-45.jp/product/view/2047,2026-09-30T14:03:38Z,Qualia 公式 商品ページ「販売店舗マップ」に ガチャ王国 O’s collebo 高松店 が掲載（GachaNavi 店舗と名称一致・座標差 10m）,店舗名一致・座標差 10m,データ利用を明確に許可する規約が確認できないため保留（禁止の記載も確認できていない）,https://www.qualia-45.jp/faq.html
qualia-2050__gp-S90001476,qualia-2050,ワサビベア(WASABI BEAR)のぬいぐるみ,Qualia,gp-S90001476,#C-pla 大阪心斎橋筋1丁目店,#C-pla　大阪心斎橋筋1丁目,大阪府,on_hold,official,Qualia 公式 商品ページ「販売店舗マップ」,https://www.qualia-45.jp/product/view/2050,2026-09-30T14:03:41Z,Qualia 公式 商品ページ「販売店舗マップ」に #C-pla　大阪心斎橋筋1丁目 が掲載（GachaNavi 店舗と名称一致・座標差 1m）,店舗名一致・座標差 1m,データ利用を明確に許可する規約が確認できないため保留（禁止の記載も確認できていない）,https://www.qualia-45.jp/faq.html
qualia-2050__gp-S90001521,qualia-2050,ワサビベア(WASABI BEAR)のぬいぐるみ,Qualia,gp-S90001521,#C-pla 梅田茶屋町店,#C-pla　梅田茶屋町,大阪府,on_hold,official,Qualia 公式 商品ページ「販売店舗マップ」,https://www.qualia-45.jp/product/view/2050,2026-09-30T14:03:41Z,Qualia 公式 商品ページ「販売店舗マップ」に #C-pla　梅田茶屋町 が掲載（GachaNavi 店舗と名称一致・座標差 0m）,店舗名一致・座標差 0m,データ利用を明確に許可する規約が確認できないため保留（禁止の記載も確認できていない）,https://www.qualia-45.jp/faq.html
qualia-2050__loc-h6ce18d79bf7b,qualia-2050,ワサビベア(WASABI BEAR)のぬいぐるみ,Qualia,loc-h6ce18d79bf7b,ガチャ王国 O’s colleboサンパークあじす店,ガチャ王国 O’s collebo サンパークあじす店,山口県,on_hold,official,Qualia 公式 商品ページ「販売店舗マップ」,https://www.qualia-45.jp/product/view/2050,2026-09-30T14:03:41Z,Qualia 公式 商品ページ「販売店舗マップ」に ガチャ王国 O’s collebo サンパークあじす店 が掲載（GachaNavi 店舗と名称一致・座標差 18m）,店舗名一致・座標差 18m,データ利用を明確に許可する規約が確認できないため保留（禁止の記載も確認できていない）,https://www.qualia-45.jp/faq.html
qualia-2050__loc-he37f485fce5b,qualia-2050,ワサビベア(WASABI BEAR)のぬいぐるみ,Qualia,loc-he37f485fce5b,ガチャ王国 O’s collebo大街道店,ガチャ王国 O’s collebo 大街道店,愛媛県,on_hold,official,Qualia 公式 商品ページ「販売店舗マップ」,https://www.qualia-45.jp/product/view/2050,2026-09-30T14:03:41Z,Qualia 公式 商品ページ「販売店舗マップ」に ガチャ王国 O’s collebo 大街道店 が掲載（GachaNavi 店舗と名称一致・座標差 18m）,店舗名一致・座標差 18m,データ利用を明確に許可する規約が確認できないため保留（禁止の記載も確認できていない）,https://www.qualia-45.jp/faq.html
qualia-2050__gp-S90000152,qualia-2050,ワサビベア(WASABI BEAR)のぬいぐるみ,Qualia,gp-S90000152,ドリームカプセル マーケットスクエアささしま,ドリームカプセルマーケットスクエアささしま,愛知県,on_hold,official,Qualia 公式 商品ページ「販売店舗マップ」,https://www.qualia-45.jp/product/view/2050,2026-09-30T14:03:41Z,Qualia 公式 商品ページ「販売店舗マップ」に ドリームカプセルマーケットスクエアささしま が掲載（GachaNavi 店舗と名称一致・座標差 13m）,店舗名一致・座標差 13m,データ利用を明確に許可する規約が確認できないため保留（禁止の記載も確認できていない）,https://www.qualia-45.jp/faq.html
qualia-2050__dream-315,qualia-2050,ワサビベア(WASABI BEAR)のぬいぐるみ,Qualia,dream-315,ドリームカプセル 博多マルイ,ドリームカプセル博多マルイ,福岡県,on_hold,official,Qualia 公式 商品ページ「販売店舗マップ」,https://www.qualia-45.jp/product/view/2050,2026-09-30T14:03:41Z,Qualia 公式 商品ページ「販売店舗マップ」に ドリームカプセル博多マルイ が掲載（GachaNavi 店舗と名称一致・座標差 10m）,店舗名一致・座標差 10m,データ利用を明確に許可する規約が確認できないため保留（禁止の記載も確認できていない）,https://www.qualia-45.jp/faq.html
